<?xml version="1.0" encoding="UTF-8"?>
<faces-config version="1.2" xmlns="http://java.sun.com/xml/ns/javaee"
 xmlns:xi="http://www.w3.org/2001/XInclude"
 xmlns:xsi="http://www.w3.org/2001/XMLSchema-instance" xsi:schemaLocation="http://java.sun.com/xml/ns/javaee http://java.sun.com/xml/ns/javaee/web-facesconfig_1_2.xsd">

	<application>
		<default-render-kit-id>com.powerlogic.jsf.renderkit</default-render-kit-id>
		
		<resource-bundle>
			<base-name>###NOME_PROJETO###Resources</base-name>
			<var>msg###SIGLA_PROJETO_MINUSCULA###</var>
		</resource-bundle>
		<message-bundle>###NOME_PROJETO###Resources</message-bundle>
		
		<locale-config>
			<default-locale>pt_BR</default-locale>
			<supported-locale>pt_BR</supported-locale>
			<supported-locale>es_ES</supported-locale>
			<supported-locale>en_US</supported-locale>
		</locale-config>
		
	</application>

</faces-config>
