<jboss-deployment-structure>
	<deployment>
		<exclusions>
			<module name="javax.xml.bind.api" />
			<module name="org.jboss.resteasy.resteasy-atom-provider" />
			<module name="org.jboss.resteasy.resteasy-cdi" />
			<module name="org.jboss.resteasy.resteasy-jaxrs" />
			<module name="org.jboss.resteasy.resteasy-jaxb-provider" />
			<module name="org.jboss.resteasy.resteasy-jackson-provider" />
			<module name="org.jboss.resteasy.resteasy-jsapi" />
			<module name="org.jboss.resteasy.resteasy-yaml-provider" />
			<module name="org.jboss.resteasy.resteasy-multipart-provider" />
			<module name="org.jboss.resteasy.async-http-servlet-30" />
			<module name="org.jboss.as.jaxrs" />
		</exclusions>
	</deployment>
</jboss-deployment-structure>